0,NDARYM832PX3
1,NDARNJ687DMC
2,NDARED632KNG
3,NDARFM080VAF
4,NDARFW130NGG
5,NDARHP656DLC
6,NDARDR658DRA
7,NDARVG148WHV
8,NDARDT800YVF
9,NDARUY876VL1
10,NDARKV482FU9
11,NDARJT606WGQ
12,NDARMA875ARE
13,NDARHJ946UPH
14,NDARNH342XLK
15,NDARJZ217VJ6
16,NDARAV945MCQ
17,NDARKL327VRH
18,NDARYU290HJ3
19,NDARWV470ATB
20,NDARYU323ZDJ
21,NDARFR109LKT
22,NDARLP858RAA
23,NDARBG702FED
24,NDARPF118ABV
25,NDARXN425ZJB
26,NDARKW531ACR
27,NDARKC452YVR
28,NDARLP181HLA
29,NDARCP360AFD
30,NDARJT730WP0
31,NDARHZ439EBY
32,NDARTM946WJ7
33,NDARPE596LZL
34,NDARKM551DA4
35,NDARHP558MGA
36,NDARCA186WGH
37,NDARHR944BBY
38,NDARUL341DD2
39,NDARZH517ZVK
40,NDARHK598YJC
41,NDARDK983BDA
42,NDARMW252AJW
43,NDARJX421FWR
44,NDARXF441RHQ
45,NDARZT772PU4
46,NDARKF615JNZ
47,NDARZF288FB7
48,NDARBB854DRN
49,NDARCJ007GF8
50,NDARAR025WX4
51,NDARNT939YMG
52,NDARWV677EFC
53,NDARBN100LCD
54,NDARUF935UL3
55,NDARNV332JF2
56,NDARBU112XZE
57,NDARUG507AZX
58,NDARBZ216FW8
59,NDAREL063PMX
60,NDARAK187ZLP
61,NDARNL599TMZ
62,NDARWF090RZ7
63,NDARJK085PZL
64,NDARVT231LJG
65,NDARTY625VHZ
66,NDARWX380JJK
67,NDARVB811FVD
68,NDARNB440UE4
69,NDARLC868GLL
70,NDAREU211JMY
71,NDARCV412MDW
72,NDARHF023VG3
73,NDAREZ098ZPE
74,NDARVC246ZY8
75,NDARTU768MY1
76,NDARMV247HRA
77,NDARDZ946KVL
78,NDARAT100AEQ
79,NDARPP703NX4
80,NDARNG309KZ8
81,NDARWV155PRG
82,NDARED047DTH
83,NDARJC514CE0
84,NDARUD764NFJ
85,NDARLL389TUF
86,NDARNJ715JPV
87,NDARYL438DCK
88,NDARFA464HJQ
89,NDARJP133YL3
90,NDAREF057VX5
91,NDARXE684LUY
92,NDARXF956ZU6
93,NDARLD990NH4
94,NDARPL721WTD
95,NDARWC737UJ0
96,NDARML148UCE
97,NDARZE542ZVH
98,NDARYH480GTD
99,NDARUA421HT8
100,NDARCD401HGZ
101,NDARUT792WX7
102,NDARGY148EVU
103,NDARYU620RH9
104,NDARRE333EKT
105,NDARRZ199KNG
106,NDARMV410ZFY
107,NDARTK185PBH
108,NDARDA695XTL
109,NDARDU799BZF
110,NDARZG623FYX
111,NDARHX739YBW
112,NDARRN619WHY
113,NDARGT022BEW
114,NDARLZ228PCB
115,NDARHX877BLQ
116,NDARRP592GHK
117,NDARYH996DA9
118,NDARMD700NUE
119,NDARDN770HY6
120,NDARVG436WGG
121,NDARNJ894VH2
122,NDARRU600XWW
123,NDARMM386PL6
124,NDARMY064EAD
125,NDARHP176DPE
126,NDARXU679ZE8
127,NDARVN646NZP
128,NDARZG263HRK
129,NDARNE511XHU
130,NDARJR687LGX
131,NDARXY337ZH9
132,NDARUM569EV1
133,NDARYL272HDW
134,NDAREE196FEG
135,NDARVY007TEJ
136,NDARMU269TFY
137,NDARRJ763GUF
138,NDARYY218AGA
139,NDARYJ536MCR
140,NDARZD991YLG
141,NDARFB107PVH
142,NDARMY967HNA
143,NDARFH674DWX
144,NDARKA429EPF
145,NDARTX012JHM
146,NDARKH741PL8
147,NDARXJ696AMX
148,NDARKX346VTV
149,NDARYP495KFK
150,NDARCA789EE0
151,NDARPG072ZZ7
152,NDARMU488APK
153,NDARCW419GBD
154,NDARNF954MK3
155,NDARRK457MBX
156,NDARUV753MY9
157,NDARPE404CMV
158,NDARWZ709DLY
159,NDARHM615PJH
160,NDARWE145GN9
161,NDARAT299YRR
162,NDARPP337KUQ
163,NDARKW999WZD
164,NDARHL238VL2
165,NDARJH925ZCD
166,NDARBV364MBC
167,NDARXJ468UGL
168,NDARWB685NUG
169,NDARDB804YHE
170,NDARCT933HF2
171,NDARHW216PER
172,NDARMJ699RJN
173,NDAREK947FYP
174,NDARVB04TJA
175,NDARJP489HCE
176,NDARNG689AAP
177,NDARGE366WNC
178,NDARAM277WZT
179,NDARWJ019VGU
180,NDARHB993EV0
181,NDARVJ504DAA
182,NDARZB377WZJ
183,NDARKR010EN7
184,NDARLA516PH1
185,NDARJZ549HU8
186,NDARZH629NVF
187,NDARME656MTN
188,NDARHE236YLB
189,NDARTK657DV6
190,NDARKH421UB1
191,NDARGU667MCK
192,NDARVX292KKC
193,NDARCL080RHP
194,NDARAJ366ZFA
195,NDARMN450PEH
196,NDARLB629BJ1
197,NDARMM878ZR1
198,NDARAY238DFL
199,NDARWX033HYK
200,NDARHJ126UW2
201,NDARAA536PTU
202,NDARLG942AZ1
203,NDARPX244EHJ
204,NDAREK544ENR
205,NDARGL963HU4
206,NDARFT834NT1
207,NDARGR661YZG
208,NDARHB781DD8
209,NDARMZ908DUR
210,NDARBC580HR5
211,NDARMM905VYR
212,NDAREK918EC2
213,NDARYM257RR6
214,NDARXN047RUT
215,NDARYW903VN8
216,NDARFW444PN1
217,NDARNU249EDF
218,NDAREB290UCN
219,NDARUL881JR9
220,NDARXK462WRZ
221,NDARMY533CYM
222,NDARTH610GMK
223,NDARAA075AMK
224,NDARAE199TDD
225,NDARCG984YXZ
226,NDARUJ646APQ
227,NDARTR365NCY
228,NDARMH763YZD
229,NDARNM624PDC
230,NDARVH070WH6
231,NDARAV894XWD
232,NDARGM540EV8
233,NDARJV894XP2
234,NDARUF389TXE
235,NDARYH110YV9
236,NDARWP237VB3
237,NDARPV249ZRF
238,NDARNW218ZBU
239,NDARZR567HWG
240,NDARYZ408VWW
241,NDARHM273AXL
242,NDARMM782KJK
243,NDARVB607WW4
244,NDARRH725XYA
245,NDARVM685MER
246,NDARAD481FXF
247,NDARRD720XZK
248,NDARZP564MHU
249,NDARXB704HFD
250,NDARVG461LA2
251,NDARXU437UFZ
252,NDARBK669XJQ
253,NDARNB824ARJ
254,NDARTR840XP1
255,NDARMX032AU3
256,NDARGM610LF0
257,NDARHF904CWB
258,NDARNT572CMD
259,NDARNT042GRA
260,NDARWF122UUJ
261,NDARDC360DGB
262,NDARDM425CG2
263,NDARVE724GEF
264,NDARET949LMU
265,NDARHD059PEQ
266,NDARXH017ZLE
267,NDARHJ523XGB
268,NDARXJ799NEB
269,NDARFY612EMR
270,NDARGH407KVG
271,NDARHT218GFA
272,NDARYN484LLR
273,NDAREM141CKP
274,NDARYX551LBY
275,NDARWZ283CWB
276,NDARDH328DR9
277,NDARMC412BCK
278,NDARFL411AT1
279,NDARMM990URX
280,NDARZV766YXP
281,NDARHL358LGQ
282,NDARGL834CMQ
283,NDARXC418YG7
284,NDARTF833WXB
285,NDARDJ825GBP
286,NDARDX770PJK
287,NDARWB943YY9
288,NDARTA808DEQ
289,NDARVG971CHH
290,NDARZF949WTW
291,NDARBA521RA8
292,NDARKC403LRW
293,NDARUF069EHR
294,NDARFW292PBD
295,NDARKX761BH9
296,NDARRA733VWX
297,NDARPD977VX2
298,NDAREM018TJQ
299,NDARLB017MBJ
300,NDARYM695TZY
301,NDARGA967MGC
302,NDARRL218DJ5
303,NDARTT759PC5
304,NDARML142BEK
305,NDARFN452VPC
306,NDAREC182WW2
307,NDARFB500HHN
308,NDARWW901MTC
309,NDARET653TAM
310,NDARJR525HTX
311,NDARPR768KT4
312,NDARBA507GCT
313,NDARME930DE7
314,NDAREL622FA6
315,NDAREY962BM7
316,NDARRZ653HKY
317,NDARZJ414CAA
318,NDARJM708VGE
319,NDARKR195PL9
320,NDARUM991EE8
321,NDARBM213BEA
322,NDARJJ356DAL
323,NDARPW482TVE
324,NDARDN702GXX
325,NDARDX469TC1
326,NDARZW013RUH
327,NDARXF623GEL
328,NDARKG785VAJ
329,NDARHN131ZP6
330,NDARLJ311YNA
331,NDARMR242UKQ
332,NDARHM304AXP
333,NDARLF283KJX
334,NDARGY054ENV
335,NDARMH625WKL
336,NDARWJ087HKJ
337,NDARUX114RGJ
338,NDAREK375DKR
339,NDARUJ962NZB
340,NDARPZ621ZLE
341,NDARCJ363KLE
342,NDARYB563VRT
343,NDARGM498YFL
344,NDARAV747WVL
345,NDARFU789PRX
346,NDARXK164TNN
347,NDARFZ296UNG
348,NDARCU417HRA
349,NDARCU034JPB
350,NDARYX530MZU
351,NDARCE353XKH
352,NDARLZ104NDT
353,NDARXX895FNJ
354,NDARXW933TUJ
355,NDARCB959FY4
356,NDARUA481FK4
357,NDARNN218UGY
358,NDARMH677JDM
359,NDARJT523MV7
360,NDARRV638MJV
361,NDARXL523GHX
362,NDARMC759CX3
363,NDARRC190NKB
364,NDARWM319UU2
365,NDARHU391FD7
366,NDARLF480DMW
367,NDARHV527DNK
368,NDARTT242GNN
369,NDARVX162AZU
370,NDARCB370UK4
371,NDARBL117AUV
372,NDARWK065NJ9
373,NDARUE533XNH
374,NDARRG199RU4
375,NDARHW718DTW
376,NDARFE163HVN
377,NDARZH451LRZ
378,NDAREV970HAN
379,NDARTB552HP0
380,NDARBF805EHN
381,NDARPT910NEE
382,NDARMR277TT7
383,NDARNF766VW2
384,NDARDB146NWY
385,NDARAA112DMH
386,NDARFA860RPD
387,NDARGU485JJA
388,NDARNW182PJC
389,NDARJH441HJD
390,NDARLG890JDU
391,NDARKM497VKX
392,NDARZF602KU6
393,NDARVP281CJ4
394,NDARNL807DKC
395,NDARCX221CWA
396,NDARGU100JH4
397,NDARGW362UJZ
398,NDARTL336THT
399,NDARMJ219AKU
400,NDARHC287ZF4
401,NDAREY741MG9
402,NDARKG859AGN
403,NDARYJ389DWX
404,NDARMW178UDD
405,NDARZA694WHF
406,NDARHC737MHK
407,NDARCF247TDJ
408,NDARKF909WM5
409,NDARUV263YB5
410,NDARLJ549WTT
411,NDARRW100AU0
412,NDARHB772TE5
413,NDARHJ945PV0
414,NDARWG831JJ8
415,NDARCW963FP9
416,NDARRN444MJG
417,NDARXC534KT4
418,NDARTZ634BAN
419,NDAREX091KUR
420,NDARAN814UPR
421,NDARGC521HNP
422,NDARAE012DGA
423,NDARAA117NEJ
424,NDARVN666JV7
425,NDARPF179GNV
426,NDARXC878WB2
427,NDARPM105MKA
428,NDARPX155RF3
429,NDARZL724HAX
430,NDARUV418FB8
431,NDARGE536BGD
432,NDAREH905REB
433,NDARGT267UZR
434,NDARYR994ELB
435,NDARTG464MWG
436,NDARZJ460RWZ
437,NDARJM759GYH
438,NDARKE331EHD
439,NDARJW315BUA
440,NDARNF994TPA
441,NDARNX795LFK
442,NDARER386NRV
443,NDARBB901UD2
444,NDARYK942YHY
445,NDARYA556KP8
446,NDARLG943AAN
447,NDARXU715EGL
448,NDARTJ032FJ2
449,NDARDV088AA3
450,NDARJD387HWG
451,NDARXD502MC1
452,NDARAN385MDH
453,NDARDC704GKW
454,NDARZX561DR9
455,NDARCN669XPR
456,NDARPN418ZKT
457,NDARPU897CM5
458,NDARJK910PDK
459,NDARCJ170CT9
460,NDARRL660CME
461,NDARZV608BL8
462,NDARKB547TCK
463,NDARMU053YEU
464,NDARTP313AGH
465,NDARRR450VUU
466,NDARTB329GFY
467,NDARGB040MGR
468,NDARJM828PAL
469,NDARWV405ZW0
470,NDARLV387GP4
471,NDARNE758RD6
472,NDARWW005GCU
473,NDARYF135ZHU
474,NDARYG874EKA
475,NDARFK610GY5
476,NDARTE785ZMJ
477,NDARVX337AC0
478,NDARJU805JG5
479,NDARWT389BYY
480,NDARYR150UDP
481,NDARDH670PXH
482,NDARUN221VCJ
483,NDARRK213WCF
484,NDARXY162ERA
485,NDARRF897HB5
486,NDARXZ685TU4
487,NDARAG143ARJ
488,NDARXG469XGP
489,NDARFT581ZW5
490,NDAREM731BYM
491,NDARNR773DL4
492,NDARRH407MEY
493,NDARGJ395FKP
494,NDARBX121UM9
495,NDARCE721YB5
496,NDARVL555VVA
497,NDARVV199XK2
498,NDARUR987CDM
499,NDARNZ615UEU
500,NDARTN158LRF
501,NDARZP630WYL
502,NDARXR965TFK
503,NDARLY585ZVN
504,NDARLF616PBU
505,NDARCW071AU5
506,NDARAP359UM6
507,NDARCZ947WU5
508,NDARVD685RRJ
509,NDARRP818DWL
510,NDAREG561ML5
511,NDARVU683CTN
512,NDARXD388TTE
513,NDARZD415ZZ1
514,NDARCR499NE4
515,NDARWA622HHZ
516,NDARTX934NH6
517,NDARBK082PDD
518,NDARGU729WUR
519,NDARND085WZK
520,NDARDL511UND
521,NDARYZ770NA1
522,NDARMD575AXD
523,NDARGL800LDW
524,NDARLL720BGU
525,NDARKA627LF8
526,NDARBH024NH2
527,NDARTK933KL9
528,NDARWM527PRT
529,NDARGD507TDZ
530,NDARZH761YA7
531,NDARXH597ML1
532,NDARWR732NZE
533,NDARPL306LC6
534,NDARWX338NDL
535,NDARUN300FG1
536,NDARCM135DVC
537,NDARYY218LU2
538,NDARRD326KB9
539,NDARUJ891VL9
540,NDARTZ926NMZ
541,NDARNW687HMZ
542,NDARAC904DMU
543,NDARJF755DT9
544,NDARFW972KFQ
545,NDARYT885XH3
546,NDARCJ475WJP
547,NDARRW940BL6
548,NDARNU497GTX
549,NDARWZ495PG4
550,NDARNR709MMQ
551,NDARUL224GN6
552,NDARET550NXC
553,NDARMX094CL9
554,NDARCZ770BRG
555,NDARXY938XY7
556,NDARET332CTB
557,NDARKD134TCX
558,NDARJY033DKZ
559,NDARUX216VHK
560,NDARZD424NP6
561,NDARUW904FMQ
562,NDARXG736VP9
563,NDARZN277NR6
564,NDARBX400RTC
565,NDARKU278YRR
566,NDARJZ679KXJ
567,NDARAP176AD1
568,NDARYD546HCB
569,NDARET632ELD
570,NDARHB764VZ2
571,NDARAW320CGR
572,NDARHR753ZKU
573,NDARGR106TJB
574,NDARWA513WM2
575,NDARUT607MWK
576,NDARCN305EVQ
577,NDARKM635UY0
578,NDARDU986RBM
579,NDARCA153NKE
580,NDAREV601CE7
581,NDARBR740NKV
582,NDARCJ594BWQ
583,NDARVB297WUM
584,NDARLP624GFH
585,NDARGB441VVD
586,NDARPC817XZ5
587,NDARBM173BJG
588,NDARRV480PU1
589,NDARCW094JCG
590,NDARWW003WWW
591,NDARHY177LY9
592,NDARJJ413MNH
593,NDAREN519BLJ
594,NDARWP954GPJ
595,NDARZY668NMV
596,NDARYL758JGG
597,NDARZJ016GL0
598,NDARZC499NVX
599,NDARJT517YHZ
600,NDARFD822TY5
601,NDARJL303FKR
602,NDARMF116AFR
603,NDARXF203DCD
604,NDARTD468TUH
605,NDARTX659HAF
606,NDARAM704GKZ
607,NDARCM302VJ1
608,NDARXU253JHC
609,NDARXL588FFJ
610,NDARCF188HV4
611,NDARMT064WBB
612,NDARGX001CB1
613,NDARXT792GY8
614,NDARKG718VF7
615,NDARFD316UD2
616,NDARMR491LM5
617,NDARRU720LG4
618,NDARDD531EP2
619,NDARZD099KWW
620,NDARNY217PLD
621,NDARLH979WFX
622,NDARFY009MNL
623,NDARBE641DGZ
624,NDARYA503XVQ
625,NDARHM421JUP
626,NDARMZ200GVD
627,NDARTW855BPJ
628,NDARYD195BDH
629,NDARBU607ZZ3
630,NDARRY280KNW
631,NDARTF133LLM
632,NDARRP163YRC
633,NDAREC964CRA
634,NDARLJ356HAQ
635,NDARKC880ZHY
636,NDARHZ923PAH
637,NDARPW577WJ7
638,NDARBD879MBX
639,NDARGE946RCB
640,NDARLU606ZDD
641,NDARBV680AA8
642,NDARRM467NP2
643,NDARYZ363HP4
644,NDARGH775KF5
645,NDARUW816MP3
646,NDARPH844KP2
647,NDARYR829KD8
648,NDARGJ627BL2
649,NDARBA680RFY
650,NDARAV031PPJ
651,NDARAV031PPJ
652,NDARJG488XHT
653,NDARYG546ZFF
654,NDARCL590LPD
655,NDARWJ217HDQ
656,NDARPX219TW0
657,NDARJG300HWH
658,NDARXU018RGY
659,NDARDZ010EDH
660,NDARJY141RFE
661,NDARNK329VC3
662,NDAREF893ZM8
663,NDARBM839WR5
664,NDARVP135ZGE
665,NDARFR108JNB
666,NDARJA157YB3
667,NDAREV527ZRF
668,NDARBX974XDR
669,NDARHA387FPM
670,NDARDX561MRY
671,NDARRA717GYV
672,NDARGZ038DRL
673,NDARLR030EW6
674,NDARAG340ERT
675,NDARHN158DC6
676,NDARDZ058NZN
677,NDARYL124VM6
678,NDARPW635LN4
679,NDARHR443EHF
680,NDARVV174JHW
681,NDARRB942UWU
682,NDARMH249AWF
683,NDARDW741HCF
684,NDARXK076XU8
685,NDARUT018UYN
686,NDAREM500WWH
687,NDARXY745NXJ
688,NDARNL134VF0
689,NDARDH270YR5
